{
  "TRAINED_BLIP": {
    "Flickr30k": {
      "I2T_R@1": 0.545480288204386,
      "I2T_R@5": 0.7807003744139949,
      "I2T_R@10": 0.8559292703646604,
      "T2I_R@1": 0.3670790490453956,
      "T2I_R@5": 0.5947053123072857,
      "T2I_R@10": 0.6859118768642158
    },
    "COCO_train2017": {
      "I2T_R@1": 0.36320982018311393,
      "I2T_R@5": 0.5957121239020349,
      "I2T_R@10": 0.6886809201349261,
      "T2I_R@1": 0.21446110116889985,
      "T2I_R@5": 0.40948672841540307,
      "T2I_R@10": 0.5032522015097516
    }
  }
}