{
  "TRAINED_BLIP": {
    "Flickr30k": {
      "I2T_R@1": 0.5082591322405059,
      "I2T_R@5": 0.7466884812635686,
      "I2T_R@10": 0.8252524934713527,
      "T2I_R@1": 0.3632153240117296,
      "T2I_R@5": 0.5907975382911512,
      "T2I_R@10": 0.6809469272688372
    },
    "COCO_train2017": {
      "I2T_R@1": 0.32269818323230787,
      "I2T_R@5": 0.5448189572818652,
      "I2T_R@10": 0.6376778513277029,
      "T2I_R@1": 0.21027016339587631,
      "T2I_R@5": 0.4035366107142676,
      "T2I_R@10": 0.4975792264677999
    }
  }
}