{
  "baseline": {
    "mean": 0.48681640625,
    "median": 0.490234375,
    "std": 0.048309326171875
  },
  "cfg1": {
    "mean": 0.455810546875,
    "median": 0.46630859375,
    "std": 0.080078125
  },
  "cfg3": {
    "mean": 0.42919921875,
    "median": 0.44140625,
    "std": 0.0904541015625
  },
  "cfg4": {
    "mean": 0.55859375,
    "median": 0.5634765625,
    "std": 0.0596923828125
  },
  "cfg5": {
    "mean": 0.60498046875,
    "median": 0.6103515625,
    "std": 0.0579833984375
  },
  "cfg6": {
    "mean": 0.60302734375,
    "median": 0.60888671875,
    "std": 0.058319091796875
  },
  "cfg7": {
    "mean": 0.36376953125,
    "median": 0.390869140625,
    "std": 0.1395263671875
  },
  "cfg8": {
    "mean": 0.419921875,
    "median": 0.43017578125,
    "std": 0.08758544921875
  },
  "cfg9": {
    "mean": 0.658203125,
    "median": 0.66455078125,
    "std": 0.055816650390625
  }
}