{
  "baseline": {
    "mean": 0.472412109375,
    "median": 0.47412109375,
    "std": 0.0391845703125
  },
  "cfg1": {
    "mean": 0.487548828125,
    "median": 0.49365234375,
    "std": 0.0723876953125
  },
  "cfg3": {
    "mean": 0.51416015625,
    "median": 0.521484375,
    "std": 0.0772705078125
  },
  "cfg4": {
    "mean": 0.490234375,
    "median": 0.49658203125,
    "std": 0.07440185546875
  },
  "cfg5": {
    "mean": 0.434326171875,
    "median": 0.440185546875,
    "std": 0.0784912109375
  },
  "cfg6": {
    "mean": 0.43603515625,
    "median": 0.44189453125,
    "std": 0.08154296875
  },
  "cfg7": {
    "mean": 0.425048828125,
    "median": 0.46435546875,
    "std": 0.1495361328125
  },
  "cfg8": {
    "mean": 0.50390625,
    "median": 0.51123046875,
    "std": 0.0770263671875
  },
  "cfg9": {
    "mean": 0.431640625,
    "median": 0.43798828125,
    "std": 0.0792236328125
  }
}