{
  "TRAINED_BLIP": {
    "Flickr30k": {
      "I2T_R@1": 0.529968851272693,
      "I2T_R@5": 0.7648113771513073,
      "I2T_R@10": 0.8431236824717616,
      "T2I_R@1": 0.37737392551946336,
      "T2I_R@5": 0.6037227682897668,
      "T2I_R@10": 0.691946587462401
    },
    "COCO_train2017": {
      "I2T_R@1": 0.3731855571618183,
      "I2T_R@5": 0.6102023045643223,
      "I2T_R@10": 0.7042278525958051,
      "T2I_R@1": 0.2290820663351094,
      "T2I_R@5": 0.428768421959838,
      "T2I_R@10": 0.5220590347661946
    }
  }
}