{
  "TRAINED_BLIP": {
    "Flickr30k": {
      "I2T_R@1": 0.5659000094390083,
      "I2T_R@5": 0.7927508416449045,
      "I2T_R@10": 0.8612780417204166,
      "T2I_R@1": 0.3585964735643178,
      "T2I_R@5": 0.5855431239538367,
      "T2I_R@10": 0.6768566646110474
    },
    "COCO_train2017": {
      "I2T_R@1": 0.38448857439955364,
      "I2T_R@5": 0.6224775334567619,
      "I2T_R@10": 0.7134511822939122,
      "T2I_R@1": 0.21189922146571288,
      "T2I_R@5": 0.40722902967961294,
      "T2I_R@10": 0.5013713491946808
    }
  }
}