{
  "model": "longclip-L",
  "LONGCLIP_L": {
    "DOCCI": {
      "I2T_R@1": 0.5159291439348016,
      "I2T_R@5": 0.8225904223075369,
      "I2T_R@10": 0.8994409645046137,
      "T2I_R@1": 0.6593251161850879,
      "T2I_R@5": 0.8957365124267529,
      "T2I_R@10": 0.9415370108439416
    }
  }
}