{
  "model": "longclip-B",
  "LONGCLIP_B": {
    "DOCCI": {
      "I2T_R@1": 0.48157877012191014,
      "I2T_R@5": 0.7784737657439214,
      "I2T_R@10": 0.8687276890954402,
      "T2I_R@1": 0.5713612177544285,
      "T2I_R@5": 0.8372061695965515,
      "T2I_R@10": 0.9043577827170473
    }
  }
}