{
  "dataset": "DOCCI",
  "num_samples": 14847,
  "blip_model": "Salesforce/blip-itm-base-coco",
  "clip_model": "openai/clip-vit-base-patch32",
  "blip_max_length": 128,
  "clip_max_length": 77,
  "BLIP": {
    "DOCCI": {
      "I2T_R@1": 0.49504950495049505,
      "T2I_R@1": 0.48103994072876677,
      "I2T_R@5": 0.7706607395433421,
      "T2I_R@5": 0.7604229810736176,
      "I2T_R@10": 0.845625378864417,
      "T2I_R@10": 0.8417188657641275
    }
  },
  "CLIP": {
    "DOCCI": {
      "I2T_R@1": 0.4338923688287196,
      "T2I_R@1": 0.3906513100289621,
      "I2T_R@5": 0.7132080554994275,
      "T2I_R@5": 0.6718528995756718,
      "I2T_R@10": 0.8048090523338048,
      "T2I_R@10": 0.7716036909813431
    }
  }
}