{
  "checkpoint": "/home/mahyar/Caption_or_Paragraph/blip_text_train/cfg7_orig_plus_randpos_plus_randneg_20260302_144331/final_model.pt",
  "ckpt_tag": "cfg7_orig_plus_randpos_plus_randneg_20260302_144331",
  "dataset": "DOCCI",
  "num_samples": 14847,
  "max_length": 128,
  "TRAINED_BLIP": {
    "DOCCI": {
      "I2T_R@1": 0.22994544352394422,
      "T2I_R@1": 0.2873307738937159,
      "I2T_R@5": 0.41995015828113424,
      "T2I_R@5": 0.555667811679127,
      "I2T_R@10": 0.502188994409645,
      "T2I_R@10": 0.6703037650703846
    }
  }
}