{
  "checkpoint": "/home/mahyar/Caption_or_Paragraph/blip_text_train/cfg9_orig_all5pos_para_20260317_235203/final_model.pt",
  "ckpt_tag": "cfg9_orig_all5pos_para_20260317_235203",
  "dataset": "DOCCI",
  "num_samples": 14847,
  "max_length": 128,
  "TRAINED_BLIP": {
    "DOCCI": {
      "I2T_R@1": 0.6554859567589412,
      "T2I_R@1": 0.6775779618778205,
      "I2T_R@5": 0.8835454974068836,
      "T2I_R@5": 0.8924361823937496,
      "I2T_R@10": 0.9323769111605038,
      "T2I_R@10": 0.939314339597225
    }
  }
}