{
  "checkpoint": "/home/mahyar/Caption_or_Paragraph/blip_text_train/cfg4_paragraph_only_20260226_220713/final_model.pt",
  "ckpt_tag": "cfg4_paragraph_only_20260226_220713",
  "dataset": "DOCCI",
  "num_samples": 14847,
  "max_length": 128,
  "TRAINED_BLIP": {
    "DOCCI": {
      "I2T_R@1": 0.6575739206573719,
      "T2I_R@1": 0.6805415235401091,
      "I2T_R@5": 0.8834781437327406,
      "T2I_R@5": 0.88852966929346,
      "I2T_R@10": 0.9327810332053613,
      "T2I_R@10": 0.9372937293729373
    }
  }
}