{
  "checkpoint": "/home/mahyar/Caption_or_Paragraph/blip_text_train/cfg2_randpos_train_val5pos_20260225_154414/final_model.pt",
  "ckpt_tag": "cfg2_randpos_train_val5pos_20260225_154414",
  "dataset": "DOCCI",
  "num_samples": 14847,
  "max_length": 128,
  "TRAINED_BLIP": {
    "DOCCI": {
      "I2T_R@1": 0.18596349430861453,
      "T2I_R@1": 0.1652185626725938,
      "I2T_R@5": 0.34431198221863,
      "T2I_R@5": 0.3518555937226376,
      "I2T_R@10": 0.41887249949484745,
      "T2I_R@10": 0.4471610426348757
    }
  }
}