{
  "checkpoint": "/home/mahyar/Caption_or_Paragraph/blip_text_train/cfg8_orig_plus_all5pos_20260317_152459/final_model.pt",
  "ckpt_tag": "cfg8_orig_plus_all5pos_20260317_152459",
  "dataset": "DOCCI",
  "num_samples": 14847,
  "max_length": 128,
  "TRAINED_BLIP": {
    "DOCCI": {
      "I2T_R@1": 0.3013403381154442,
      "T2I_R@1": 0.2621404997642621,
      "I2T_R@5": 0.5266383781235267,
      "T2I_R@5": 0.5172762174176602,
      "I2T_R@10": 0.6204620462046204,
      "T2I_R@10": 0.6296894995622011
    }
  }
}