{
  "TRAINED_BLIP": {
    "Flickr30k": {
      "I2T_R@1": 0.5303778749646038,
      "I2T_R@5": 0.7671711292200233,
      "I2T_R@10": 0.8453575810968128,
      "T2I_R@1": 0.36594636092477695,
      "T2I_R@5": 0.5935537460513234,
      "T2I_R@10": 0.6854525089041872
    },
    "COCO_train2017": {
      "I2T_R@1": 0.37525679068705775,
      "I2T_R@5": 0.6106672753557026,
      "I2T_R@10": 0.702841394236053,
      "T2I_R@1": 0.2160242533624671,
      "T2I_R@5": 0.41212296346617594,
      "T2I_R@10": 0.5060151786302731
    }
  }
}