{
  "model": "longclip-B",
  "LONGCLIP_B": {
    "ShareGPT4V_COCO50000_LLaVA30000_80k": {
      "I2T_R@1": 0.4850625,
      "I2T_R@5": 0.8106375,
      "I2T_R@10": 0.8749625,
      "T2I_R@1": 0.4856625,
      "T2I_R@5": 0.79965,
      "T2I_R@10": 0.861125
    }
  },
  "metrics": {
    "I2T_R@1": 0.4850625,
    "I2T_R@5": 0.8106375,
    "I2T_R@10": 0.8749625,
    "T2I_R@1": 0.4856625,
    "T2I_R@5": 0.79965,
    "T2I_R@10": 0.861125
  }
}