{
  "model": "longclip-L",
  "LONGCLIP_L": {
    "ShareGPT4V_COCO50000_LLaVA30000_80k": {
      "I2T_R@1": 0.526,
      "I2T_R@5": 0.8516625,
      "I2T_R@10": 0.9064,
      "T2I_R@1": 0.575275,
      "T2I_R@5": 0.879125,
      "T2I_R@10": 0.92365
    }
  },
  "metrics": {
    "I2T_R@1": 0.526,
    "I2T_R@5": 0.8516625,
    "I2T_R@10": 0.9064,
    "T2I_R@1": 0.575275,
    "T2I_R@5": 0.879125,
    "T2I_R@10": 0.92365
  }
}