{
  "model": "longclip-B",
  "LONGCLIP_B": {
    "Flickr30k": {
      "I2T_R@1": 0.4873989239530567,
      "I2T_R@5": 0.7331277727086808,
      "I2T_R@10": 0.8148381210080861,
      "T2I_R@1": 0.3322929383188391,
      "T2I_R@5": 0.5560995255295317,
      "T2I_R@10": 0.6491939036208264
    },
    "COCO_train2017": {
      "I2T_R@1": 0.23558801897080828,
      "I2T_R@5": 0.4222864727315766,
      "I2T_R@10": 0.5105971070362761,
      "T2I_R@1": 0.13912561491027506,
      "T2I_R@5": 0.2807793116384708,
      "T2I_R@10": 0.35631082563164024
    }
  }
}