{
  "model": "longclip-L",
  "LONGCLIP_L": {
    "Flickr30k": {
      "I2T_R@1": 0.5422080986690998,
      "I2T_R@5": 0.7852625617468458,
      "I2T_R@10": 0.8601768240883492,
      "T2I_R@1": 0.4129340397951093,
      "T2I_R@5": 0.6415797223655562,
      "T2I_R@10": 0.7264306480234592
    },
    "COCO_train2017": {
      "I2T_R@1": 0.28345464843981166,
      "I2T_R@5": 0.48607201129456323,
      "I2T_R@10": 0.5758705521316797,
      "T2I_R@1": 0.1813239645595375,
      "T2I_R@5": 0.3409632059322048,
      "T2I_R@10": 0.4202767032866754
    }
  }
}