{
  "BLIP": {
    "Flickr30k": {
      "I2T_R@1": 0.5516471069439638,
      "I2T_R@5": 0.7894157253877859,
      "I2T_R@10": 0.8631658433753894,
      "T2I_R@1": 0.43310218105390336,
      "T2I_R@5": 0.6661527618712008,
      "T2I_R@10": 0.7505380268572939
    },
    "COCO_train2017": {
      "I2T_R@1": 0.40999433581035954,
      "I2T_R@5": 0.665457742609078,
      "I2T_R@10": 0.76102192125931,
      "T2I_R@1": 0.27576032567642245,
      "T2I_R@5": 0.4975251498513738,
      "T2I_R@10": 0.5932542800796954
    }
  },
  "CLIP": {
    "Flickr30k": {
      "I2T_R@1": 0.4037063839159299,
      "I2T_R@5": 0.6444640216467923,
      "I2T_R@10": 0.7335682597615077,
      "T2I_R@1": 0.2158840630781429,
      "T2I_R@5": 0.4129717960657966,
      "T2I_R@10": 0.5077777917615818
    },
    "COCO_train2017": {
      "I2T_R@1": 0.18999551937237397,
      "I2T_R@5": 0.35927870349235336,
      "I2T_R@10": 0.44441908240127825,
      "T2I_R@1": 0.08590408498140271,
      "T2I_R@5": 0.1916559780854512,
      "T2I_R@10": 0.2540722227010256
    }
  }
}