{
  "frac_025": {
    "Flickr30k": {
      "I2T_R@1": 0.5747412138564642,
      "T2I_R@1": 0.3688913500383855
    },
    "COCO": {
      "I2T_R@1": 0.39724568211215094,
      "T2I_R@1": 0.22328910880046235
    },
    "ShareGPT4V": {
      "I2T_R@1": 0.6116125,
      "I2T_R@5": 0.9068125,
      "I2T_R@10": 0.9440125,
      "T2I_R@1": 0.5745625,
      "T2I_R@5": 0.8795125,
      "T2I_R@10": 0.9234125
    },
    "DOCCI": {
      "I2T_R@1": 0.6489526503670775,
      "I2T_R@5": 0.8808513504411666,
      "I2T_R@10": 0.9311645450259312,
      "T2I_R@1": 0.6489526503670775,
      "T2I_R@5": 0.8786286791944501,
      "T2I_R@10": 0.9298848252172156
    }
  },
  "frac_050": {
    "Flickr30k": {
      "I2T_R@1": 0.573388289337067,
      "T2I_R@1": 0.363460739771197
    },
    "COCO": {
      "I2T_R@1": 0.3906430968745509,
      "T2I_R@1": 0.21676273715553618
    },
    "ShareGPT4V": {
      "I2T_R@1": 0.6226625,
      "I2T_R@5": 0.9129875,
      "I2T_R@10": 0.9485625,
      "T2I_R@1": 0.586375,
      "T2I_R@5": 0.885975,
      "T2I_R@10": 0.92815
    },
    "DOCCI": {
      "I2T_R@1": 0.6588536404660874,
      "I2T_R@5": 0.8875867178554591,
      "I2T_R@10": 0.933050447901933,
      "T2I_R@1": 0.6657237152286657,
      "T2I_R@5": 0.8851619855863138,
      "T2I_R@10": 0.9354751801710783
    }
  },
  "frac_075": {
    "Flickr30k": {
      "I2T_R@1": 0.570430733410943,
      "T2I_R@1": 0.36012560252715303
    },
    "COCO": {
      "I2T_R@1": 0.38676270427012266,
      "T2I_R@1": 0.21360094498887205
    },
    "ShareGPT4V": {
      "I2T_R@1": 0.6274,
      "I2T_R@5": 0.9159,
      "I2T_R@10": 0.9500125,
      "T2I_R@1": 0.591975,
      "T2I_R@5": 0.88945,
      "T2I_R@10": 0.9300875
    },
    "DOCCI": {
      "I2T_R@1": 0.6593924698592308,
      "I2T_R@5": 0.8883949619451741,
      "I2T_R@10": 0.9351384118003637,
      "T2I_R@1": 0.6740755708223883,
      "T2I_R@5": 0.8881255472486024,
      "T2I_R@10": 0.9381019734626523
    }
  },
  "frac_100": {
    "Flickr30k": {
      "I2T_R@1": 0.5663090331309191,
      "T2I_R@1": 0.3584517411933499
    },
    "COCO": {
      "I2T_R@1": 0.38482673497510295,
      "T2I_R@1": 0.2118873922058697
    },
    "ShareGPT4V": {
      "I2T_R@1": 0.630575,
      "I2T_R@5": 0.917125,
      "I2T_R@10": 0.951175,
      "T2I_R@1": 0.5968,
      "T2I_R@5": 0.8912,
      "T2I_R@10": 0.9314
    },
    "DOCCI": {
      "I2T_R@1": 0.6608742506903752,
      "I2T_R@5": 0.8887317303158887,
      "I2T_R@10": 0.9360813632383647,
      "T2I_R@1": 0.6771738398329629,
      "T2I_R@5": 0.890280864821176,
      "T2I_R@10": 0.9392469859230821
    }
  }
}