{
  "P1": {
    "Flickr30k": {
      "I2T_R@1": 0.521127646855237,
      "T2I_R@1": 0.3630831770643241
    },
    "COCO": {
      "I2T_R@1": 0.3401641769594292,
      "T2I_R@1": 0.21135676540718848
    },
    "ShareGPT4V": {
      "I2T_R@1": 0.3354375,
      "T2I_R@1": 0.2599625
    },
    "DOCCI": {
      "I2T_R@1": 0.3841180036370984,
      "T2I_R@1": 0.3376439684784805
    }
  },
  "P3": {
    "Flickr30k": {
      "I2T_R@1": 0.533366894251644,
      "T2I_R@1": 0.36709163446895804
    },
    "COCO": {
      "I2T_R@1": 0.35938015166501813,
      "T2I_R@1": 0.21266474356699502
    },
    "ShareGPT4V": {
      "I2T_R@1": 0.3071125,
      "T2I_R@1": 0.2272875
    },
    "DOCCI": {
      "I2T_R@1": 0.324712063043039,
      "T2I_R@1": 0.28551222469185694
    }
  },
  "P5": {
    "Flickr30k": {
      "I2T_R@1": 0.5371110342006733,
      "T2I_R@1": 0.3666196810853669
    },
    "COCO": {
      "I2T_R@1": 0.36572911647095624,
      "T2I_R@1": 0.21228451735774892
    },
    "ShareGPT4V": {
      "I2T_R@1": 0.3050625,
      "T2I_R@1": 0.2202
    },
    "DOCCI": {
      "I2T_R@1": 0.30154239913787295,
      "T2I_R@1": 0.2622078534384051
    }
  },
  "N1": {
    "Flickr30k": {
      "I2T_R@1": 0.24972469559198313,
      "T2I_R@1": 0.22291302213776004
    },
    "COCO": {
      "I2T_R@1": 0.2084252707398108,
      "T2I_R@1": 0.1484470716667258
    },
    "ShareGPT4V": {
      "I2T_R@1": 0.118725,
      "T2I_R@1": 0.1549625
    },
    "DOCCI": {
      "I2T_R@1": 0.21660941604364517,
      "T2I_R@1": 0.2525089243618239
    }
  },
  "N3": {
    "Flickr30k": {
      "I2T_R@1": 0.20926281345373313,
      "T2I_R@1": 0.1936519123551103
    },
    "COCO": {
      "I2T_R@1": 0.1821671020484077,
      "T2I_R@1": 0.13735798551084658
    },
    "ShareGPT4V": {
      "I2T_R@1": 0.0441125,
      "T2I_R@1": 0.0845875
    },
    "DOCCI": {
      "I2T_R@1": 0.12824139556812825,
      "T2I_R@1": 0.2045531083720617
    }
  },
  "N5": {
    "Flickr30k": {
      "I2T_R@1": 0.1949784475977724,
      "T2I_R@1": 0.18223064047220508
    },
    "COCO": {
      "I2T_R@1": 0.17268169790424984,
      "T2I_R@1": 0.1328037204712101
    },
    "ShareGPT4V": {
      "I2T_R@1": 0.0230625,
      "T2I_R@1": 0.056075
    },
    "DOCCI": {
      "I2T_R@1": 0.08473092207179901,
      "T2I_R@1": 0.16979861251431266
    }
  }
}