{
  "TRAINED_BLIP": {
    "Flickr30k": {
      "I2T_R@1": 0.4914891608721644,
      "I2T_R@5": 0.7667306421671963,
      "I2T_R@10": 0.8498568417078313,
      "T2I_R@1": 0.3694262305397888,
      "T2I_R@5": 0.5968637124482424,
      "T2I_R@10": 0.687994764463798
    },
    "COCO_train2017": {
      "I2T_R@1": 0.36984622147826895,
      "I2T_R@5": 0.6210488050250661,
      "I2T_R@10": 0.7146854683946672,
      "T2I_R@1": 0.21250082382345337,
      "T2I_R@5": 0.4070651099360713,
      "T2I_R@10": 0.5002999562317386
    }
  }
}