{
  "TRAINED_BLIP": {
    "Flickr30k": {
      "I2T_R@1": 0.4929364754743102,
      "I2T_R@5": 0.7572601705314161,
      "I2T_R@10": 0.8401975899065538,
      "T2I_R@1": 0.3721950237235234,
      "T2I_R@5": 0.5998716286796633,
      "T2I_R@10": 0.6905810690058773
    },
    "COCO_train2017": {
      "I2T_R@1": 0.2867517140514173,
      "I2T_R@5": 0.5091261085326367,
      "I2T_R@10": 0.6100163162477703,
      "T2I_R@1": 0.21894270075521374,
      "T2I_R@5": 0.4166789184000757,
      "T2I_R@10": 0.5105542346215397
    }
  }
}