{
  "TRAINED_BLIP": {
    "Flickr30k": {
      "I2T_R@1": 0.5439385835194915,
      "I2T_R@5": 0.7892269452222886,
      "I2T_R@10": 0.8629770632098921,
      "T2I_R@1": 0.36751324615829944,
      "T2I_R@5": 0.5941578463823199,
      "T2I_R@10": 0.6859685112702468
    },
    "COCO_train2017": {
      "I2T_R@1": 0.38542696999670295,
      "I2T_R@5": 0.6290378486224184,
      "I2T_R@10": 0.7203327500063406,
      "T2I_R@1": 0.21265629409567843,
      "T2I_R@5": 0.4076193952544389,
      "T2I_R@10": 0.501200669874086
    }
  }
}