{
  "TRAINED_BLIP": {
    "Flickr30k": {
      "I2T_R@1": 0.5370166441179247,
      "I2T_R@5": 0.7722367303275336,
      "I2T_R@10": 0.8498253783469151,
      "T2I_R@1": 0.36658192481467966,
      "T2I_R@5": 0.5939753577406648,
      "T2I_R@10": 0.685213385856501
    },
    "COCO_train2017": {
      "I2T_R@1": 0.36586438070117594,
      "I2T_R@5": 0.5988147471826997,
      "I2T_R@10": 0.6927726630990726,
      "T2I_R@1": 0.2123673221766514,
      "T2I_R@5": 0.4065158943004936,
      "T2I_R@10": 0.4995716118042494
    }
  }
}