{
  "baseline": {
    "mean": 0.4892578125,
    "median": 0.4921875,
    "std": 0.0469970703125
  },
  "cfg1": {
    "mean": 0.4716796875,
    "median": 0.48095703125,
    "std": 0.07403564453125
  },
  "cfg3": {
    "mean": 0.44384765625,
    "median": 0.453125,
    "std": 0.08587646484375
  },
  "cfg4": {
    "mean": 0.5302734375,
    "median": 0.53759765625,
    "std": 0.06719970703125
  },
  "cfg5": {
    "mean": 0.58154296875,
    "median": 0.58935546875,
    "std": 0.06427001953125
  },
  "cfg6": {
    "mean": 0.578125,
    "median": 0.5849609375,
    "std": 0.06500244140625
  },
  "cfg7": {
    "mean": 0.367431640625,
    "median": 0.397216796875,
    "std": 0.1439208984375
  },
  "cfg8": {
    "mean": 0.422119140625,
    "median": 0.4306640625,
    "std": 0.09259033203125
  },
  "cfg9": {
    "mean": 0.63623046875,
    "median": 0.6435546875,
    "std": 0.061798095703125
  }
}