{
  "baseline": {
    "mean": 0.480224609375,
    "median": 0.484375,
    "std": 0.04736328125
  },
  "cfg1": {
    "mean": 0.481201171875,
    "median": 0.490478515625,
    "std": 0.078369140625
  },
  "cfg3": {
    "mean": 0.50390625,
    "median": 0.51318359375,
    "std": 0.0804443359375
  },
  "cfg4": {
    "mean": 0.4765625,
    "median": 0.4853515625,
    "std": 0.08294677734375
  },
  "cfg5": {
    "mean": 0.44677734375,
    "median": 0.45654296875,
    "std": 0.0848388671875
  },
  "cfg6": {
    "mean": 0.430419921875,
    "median": 0.43896484375,
    "std": 0.0859375
  },
  "cfg7": {
    "mean": 0.46630859375,
    "median": 0.489990234375,
    "std": 0.116455078125
  },
  "cfg8": {
    "mean": 0.493896484375,
    "median": 0.50439453125,
    "std": 0.08087158203125
  },
  "cfg9": {
    "mean": 0.43408203125,
    "median": 0.442626953125,
    "std": 0.08538818359375
  }
}