{
  "TRAINED_BLIP": {
    "Flickr30k": {
      "I2T_R@1": 0.5404776138187081,
      "I2T_R@5": 0.7758864801938143,
      "I2T_R@10": 0.8495107447377529,
      "T2I_R@1": 0.34792403438337716,
      "T2I_R@5": 0.5757957134047347,
      "T2I_R@10": 0.668267113029689
    },
    "COCO_train2017": {
      "I2T_R@1": 0.3765756169317,
      "I2T_R@5": 0.614733656276683,
      "I2T_R@10": 0.7081758773153431,
      "T2I_R@1": 0.20745310965892863,
      "T2I_R@5": 0.4013093300752172,
      "T2I_R@10": 0.4958268061167413
    }
  }
}